text,category,rating
"I absolutely love this product! Best purchase ever!",Product Review,5
"Terrible customer service. Very disappointed.",Customer Service,1
"The food was okay, nothing special but decent.",Restaurant,3
"Amazing experience! Will definitely come back again!",Restaurant,5
"Worst movie I've ever seen. Complete waste of time.",Entertainment,1
"The hotel room was clean and comfortable.",Hotel,4
"Staff was rude and unhelpful. Never going back.",Customer Service,2
"Perfect weather for a picnic today!",Weather,5
"The app keeps crashing. Very frustrating.",Technology,1
"Good value for money. Satisfied with the purchase.",Product Review,4
"Outstanding service! Exceeded all expectations!",Customer Service,5
"The delivery was late but the food was great.",Food Delivery,3
"Boring presentation. Could have been much better.",Education,2
"Beautiful sunset at the beach tonight.",Nature,5
"The WiFi is too slow. Can't get any work done.",Technology,2
"Friendly staff and quick service. Highly recommend!",Restaurant,5
"The book was interesting but a bit long.",Books,3
"Fantastic concert! The band was incredible!",Entertainment,5
"Room was dirty and noisy. Poor experience.",Hotel,1
"Love the new features in this update!",Technology,4
"Traffic is horrible today. So stressful.",Transportation,1
"The weather is perfect for outdoor activities.",Weather,4
"Excellent quality and fast shipping!",E-commerce,5
"The movie was good but not great.",Entertainment,3
"Terrible food quality. Money wasted.",Restaurant,1
"Very helpful customer support team.",Customer Service,4
"The park is beautiful in autumn.",Nature,4
"Annoying ads keep popping up everywhere.",Technology,2
"Great deals and friendly cashiers.",Shopping,4
"The flight was delayed for 3 hours. Frustrating!",Travel,1
"Love spending time with family and friends.",Personal,5
"The course content was very informative.",Education,4
"Disgusting smell in the elevator.",Building,1
"Beautiful architecture in this old city.",Travel,4
"The gym equipment is old and broken.",Fitness,2
"Delicious homemade cookies from grandma!",Food,5
"Long queues everywhere. So annoying.",General,2
"Perfect romantic dinner at the restaurant.",Restaurant,5
"The software has too many bugs.",Technology,1
"Nice quiet neighborhood for families.",Real Estate,4
"Overpriced for what you get.",Product Review,2
"Stunning view from the hotel balcony!",Travel,5
"The presentation was confusing and unclear.",Education,2
"Fresh air and beautiful hiking trails.",Nature,5
"Slow internet connection is driving me crazy.",Technology,1
"Cozy coffee shop with great atmosphere.",Restaurant,4
"The exam was much harder than expected.",Education,2
"Wonderful memories from our vacation!",Travel,5
"Poor sound quality during the meeting.",Technology,2
"The garden looks amazing in spring!",Nature,4
"Rude behavior from the store manager.",Customer Service,1